[{"model": "second_hand_clothes_app.clotheslist", "pk": 35, "fields": {"name": "Hokies Logo Hoodie", "picture": "image/item4_0QCZAjc.png", "price": 30, "seller": "test2", "user": 7, "description": "This hoodie is very comfortable. It was bought 3 months ago, so it is new.", "size": "S", "comment": "[\"admin:good item!\", \"test1:great!\"]"}}, {"model": "second_hand_clothes_app.clotheslist", "pk": 36, "fields": {"name": "Champion Sweater", "picture": "image/item5_QlCurkv.png", "price": 20, "seller": "test2", "user": 7, "description": "This hoodie is very comfortable. It was bought 3 months ago, so it is new.", "size": "S", "comment": "[\"admin:great item!\", \"test1:great!\"]"}}, {"model": "second_hand_clothes_app.clotheslist", "pk": 38, "fields": {"name": "VT Logo Hoodie Red", "picture": "image/item2_hWvZxS9.png", "price": 30, "seller": "test1", "user": 5, "description": "This hoodie is very comfortable. It was bought 3 months ago, so it is new.", "size": "S", "comment": "[\"admin:good!\"]"}}, {"model": "second_hand_clothes_app.clotheslist", "pk": 42, "fields": {"name": "VT Logo Hoodie", "picture": "image/item1_9LqU98g.png", "price": 30, "seller": "test1", "user": 5, "description": "This hoodie is very comfortable. It was bought 3 months ago, so it is new.", "size": "S", "comment": "[]"}}, {"model": "auth.permission", "pk": 1, "fields": {"name": "Can add log entry", "content_type": 1, "codename": "add_logentry"}}, {"model": "auth.permission", "pk": 2, "fields": {"name": "Can change log entry", "content_type": 1, "codename": "change_logentry"}}, {"model": "auth.permission", "pk": 3, "fields": {"name": "Can delete log entry", "content_type": 1, "codename": "delete_logentry"}}, {"model": "auth.permission", "pk": 4, "fields": {"name": "Can view log entry", "content_type": 1, "codename": "view_logentry"}}, {"model": "auth.permission", "pk": 5, "fields": {"name": "Can add permission", "content_type": 2, "codename": "add_permission"}}, {"model": "auth.permission", "pk": 6, "fields": {"name": "Can change permission", "content_type": 2, "codename": "change_permission"}}, {"model": "auth.permission", "pk": 7, "fields": {"name": "Can delete permission", "content_type": 2, "codename": "delete_permission"}}, {"model": "auth.permission", "pk": 8, "fields": {"name": "Can view permission", "content_type": 2, "codename": "view_permission"}}, {"model": "auth.permission", "pk": 9, "fields": {"name": "Can add group", "content_type": 3, "codename": "add_group"}}, {"model": "auth.permission", "pk": 10, "fields": {"name": "Can change group", "content_type": 3, "codename": "change_group"}}, {"model": "auth.permission", "pk": 11, "fields": {"name": "Can delete group", "content_type": 3, "codename": "delete_group"}}, {"model": "auth.permission", "pk": 12, "fields": {"name": "Can view group", "content_type": 3, "codename": "view_group"}}, {"model": "auth.permission", "pk": 13, "fields": {"name": "Can add user", "content_type": 4, "codename": "add_user"}}, {"model": "auth.permission", "pk": 14, "fields": {"name": "Can change user", "content_type": 4, "codename": "change_user"}}, {"model": "auth.permission", "pk": 15, "fields": {"name": "Can delete user", "content_type": 4, "codename": "delete_user"}}, {"model": "auth.permission", "pk": 16, "fields": {"name": "Can view user", "content_type": 4, "codename": "view_user"}}, {"model": "auth.permission", "pk": 17, "fields": {"name": "Can add content type", "content_type": 5, "codename": "add_contenttype"}}, {"model": "auth.permission", "pk": 18, "fields": {"name": "Can change content type", "content_type": 5, "codename": "change_contenttype"}}, {"model": "auth.permission", "pk": 19, "fields": {"name": "Can delete content type", "content_type": 5, "codename": "delete_contenttype"}}, {"model": "auth.permission", "pk": 20, "fields": {"name": "Can view content type", "content_type": 5, "codename": "view_contenttype"}}, {"model": "auth.permission", "pk": 21, "fields": {"name": "Can add session", "content_type": 6, "codename": "add_session"}}, {"model": "auth.permission", "pk": 22, "fields": {"name": "Can change session", "content_type": 6, "codename": "change_session"}}, {"model": "auth.permission", "pk": 23, "fields": {"name": "Can delete session", "content_type": 6, "codename": "delete_session"}}, {"model": "auth.permission", "pk": 24, "fields": {"name": "Can view session", "content_type": 6, "codename": "view_session"}}, {"model": "auth.permission", "pk": 25, "fields": {"name": "Can add clothes list", "content_type": 7, "codename": "add_clotheslist"}}, {"model": "auth.permission", "pk": 26, "fields": {"name": "Can change clothes list", "content_type": 7, "codename": "change_clotheslist"}}, {"model": "auth.permission", "pk": 27, "fields": {"name": "Can delete clothes list", "content_type": 7, "codename": "delete_clotheslist"}}, {"model": "auth.permission", "pk": 28, "fields": {"name": "Can view clothes list", "content_type": 7, "codename": "view_clotheslist"}}, {"model": "auth.permission", "pk": 29, "fields": {"name": "Can add detail", "content_type": 8, "codename": "add_detail"}}, {"model": "auth.permission", "pk": 30, "fields": {"name": "Can change detail", "content_type": 8, "codename": "change_detail"}}, {"model": "auth.permission", "pk": 31, "fields": {"name": "Can delete detail", "content_type": 8, "codename": "delete_detail"}}, {"model": "auth.permission", "pk": 32, "fields": {"name": "Can view detail", "content_type": 8, "codename": "view_detail"}}, {"model": "auth.permission", "pk": 33, "fields": {"name": "Can add action", "content_type": 9, "codename": "add_action"}}, {"model": "auth.permission", "pk": 34, "fields": {"name": "Can change action", "content_type": 9, "codename": "change_action"}}, {"model": "auth.permission", "pk": 35, "fields": {"name": "Can delete action", "content_type": 9, "codename": "delete_action"}}, {"model": "auth.permission", "pk": 36, "fields": {"name": "Can view action", "content_type": 9, "codename": "view_action"}}, {"model": "auth.permission", "pk": 37, "fields": {"name": "Can add comment", "content_type": 10, "codename": "add_comment"}}, {"model": "auth.permission", "pk": 38, "fields": {"name": "Can change comment", "content_type": 10, "codename": "change_comment"}}, {"model": "auth.permission", "pk": 39, "fields": {"name": "Can delete comment", "content_type": 10, "codename": "delete_comment"}}, {"model": "auth.permission", "pk": 40, "fields": {"name": "Can view comment", "content_type": 10, "codename": "view_comment"}}, {"model": "auth.user", "pk": 5, "fields": {"password": "pbkdf2_sha256$216000$PEkgr8yJJMCx$05tjxzKUs0ypvyp1/FZTC37ycNiqMynVd72Ud3ilG1s=", "last_login": null, "is_superuser": false, "username": "test1", "first_name": "Pohan", "last_name": "Chen", "email": "test1@gmail.com", "is_staff": false, "is_active": true, "date_joined": "2020-11-27T22:10:36.789Z", "groups": [], "user_permissions": []}}, {"model": "auth.user", "pk": 7, "fields": {"password": "pbkdf2_sha256$216000$cyskRaQIhe0k$7Ab5YbUA90lnwpogH5qG3nDfWt++FZfevlh63ZOLapE=", "last_login": null, "is_superuser": false, "username": "test2", "first_name": "", "last_name": "", "email": "test2@gmail.com", "is_staff": false, "is_active": true, "date_joined": "2020-11-27T22:12:55.487Z", "groups": [], "user_permissions": []}}, {"model": "auth.user", "pk": 8, "fields": {"password": "pbkdf2_sha256$216000$XDr9YTYCi2oJ$9dhaTdFkRsnFKtfm7Mu21MxOBNR5wJodYwjuCwXRlto=", "last_login": null, "is_superuser": false, "username": "test3", "first_name": "Ting-Chia", "last_name": "Chang", "email": "tingchia1003@vt.edu", "is_staff": false, "is_active": true, "date_joined": "2020-11-28T22:32:14.692Z", "groups": [], "user_permissions": []}}, {"model": "auth.user", "pk": 9, "fields": {"password": "pbkdf2_sha256$216000$95cpohyTXspf$UWd0jZ7VHcgMYXb2UzeRyri5NTyRlOxIlAb8/rYtaCw=", "last_login": null, "is_superuser": false, "username": "test4", "first_name": "sharon", "last_name": "Huang", "email": "test4@gmail.com", "is_staff": false, "is_active": true, "date_joined": "2020-11-29T20:08:10.181Z", "groups": [], "user_permissions": []}}, {"model": "auth.user", "pk": 10, "fields": {"password": "pbkdf2_sha256$216000$U78WyjeOdiC6$Lecff1wuP6vUAQmz8TDHJTOWsmWtcBSKKrSc2RhwwRU=", "last_login": null, "is_superuser": false, "username": "test5", "first_name": "Tina", "last_name": "Chang", "email": "test5@gmail.com", "is_staff": false, "is_active": true, "date_joined": "2020-11-30T01:10:25.494Z", "groups": [], "user_permissions": []}}, {"model": "auth.user", "pk": 11, "fields": {"password": "pbkdf2_sha256$216000$ihCFtq9KB6lF$krRUnMOYGjIOQsCb0e0PmCG5k03KnDEiMnPx9Ho0ikI=", "last_login": null, "is_superuser": false, "username": "test7", "first_name": "a", "last_name": "a", "email": "test7@gmail.com", "is_staff": false, "is_active": true, "date_joined": "2020-12-01T20:13:16.452Z", "groups": [], "user_permissions": []}}, {"model": "contenttypes.contenttype", "pk": 1, "fields": {"app_label": "admin", "model": "logentry"}}, {"model": "contenttypes.contenttype", "pk": 2, "fields": {"app_label": "auth", "model": "permission"}}, {"model": "contenttypes.contenttype", "pk": 3, "fields": {"app_label": "auth", "model": "group"}}, {"model": "contenttypes.contenttype", "pk": 4, "fields": {"app_label": "auth", "model": "user"}}, {"model": "contenttypes.contenttype", "pk": 5, "fields": {"app_label": "contenttypes", "model": "contenttype"}}, {"model": "contenttypes.contenttype", "pk": 6, "fields": {"app_label": "sessions", "model": "session"}}, {"model": "contenttypes.contenttype", "pk": 7, "fields": {"app_label": "second_hand_clothes_app", "model": "clotheslist"}}, {"model": "contenttypes.contenttype", "pk": 8, "fields": {"app_label": "users", "model": "detail"}}, {"model": "contenttypes.contenttype", "pk": 9, "fields": {"app_label": "actions", "model": "action"}}, {"model": "contenttypes.contenttype", "pk": 10, "fields": {"app_label": "comments", "model": "comment"}}, {"model": "sessions.session", "pk": "fxc1endx75k3scaidztrca07n75nuthq", "fields": {"session_data": ".eJyrViotTi3KS8xNVbJSKkpNL81JLFLSUSrKz0EWqAUAE0sNnw:1kiOug:Su-lhS5iG9iyaOw6kqdtQK7tkqvtHMVtQzOVqevSoFA", "expire_date": "2020-12-10T21:34:50.629Z"}}, {"model": "sessions.session", "pk": "qvvthrbalhp7eqbnip22h4q257xvjtx1", "fields": {"session_data": "eyJ1c2VybmFtZSI6InRlc3Q3Iiwicm9sZSI6InJlZ3VsYXIifQ:1kkC4y:V9BXm0ADsEw5PHiGRKdCBBxPFtq5FZvemh0orreZ7Zo", "expire_date": "2020-12-15T20:16:52.147Z"}}, {"model": "sessions.session", "pk": "sj26d6zg2k43aqk5m3ec6o5je0au9x07", "fields": {"session_data": "eyJ1c2VybmFtZSI6ImFkbWluIiwicm9sZSI6ImFkbWluIn0:1kXVR3:FOpa3rgGm_HzHqeFWmrwmnHGWMxd98yZzAJ6cCjcBek", "expire_date": "2020-11-10T20:19:13.743Z"}}, {"model": "sessions.session", "pk": "w1duawspv0dwrrz4hmjzh38hjg55qqty", "fields": {"session_data": "e30:1kiOwU:4oXeYLxRT2IbOit6UaoNPE5LbIazTw8_f-nmMS6ns4g", "expire_date": "2020-12-10T21:36:42.735Z"}}, {"model": "sessions.session", "pk": "yf1cus4qdtmmkzn15lre5g0mnlkhz1ab", "fields": {"session_data": "eyJ1c2VybmFtZSI6ImFkbWluIiwicm9sZSI6ImFkbWluIn0:1kYf4Y:feND_Jdt5jnWdwbBbqPs5iGTUzgHJJGo1kBoPhDwGXQ", "expire_date": "2020-11-14T00:48:46.413Z"}}, {"model": "users.detail", "pk": 1, "fields": {"user": 7, "role": "regular", "sex": "Male"}}, {"model": "users.detail", "pk": 2, "fields": {"user": 5, "role": "regular", "sex": "Male"}}, {"model": "users.detail", "pk": 3, "fields": {"user": 8, "role": "regular", "sex": "Male"}}, {"model": "users.detail", "pk": 4, "fields": {"user": 9, "role": "admin", "sex": "Female"}}, {"model": "users.detail", "pk": 5, "fields": {"user": 10, "role": "regular", "sex": "Female"}}, {"model": "users.detail", "pk": 6, "fields": {"user": 11, "role": "regular", "sex": "Male"}}, {"model": "actions.action", "pk": 1, "fields": {"user": 5, "verb": "create the item", "target_ct": 7, "target_id": 40, "created_time": "2020-11-28T20:02:10.343Z"}}, {"model": "actions.action", "pk": 2, "fields": {"user": 5, "verb": "create the item", "target_ct": 7, "target_id": 41, "created_time": "2020-11-28T20:31:09.851Z"}}, {"model": "actions.action", "pk": 3, "fields": {"user": 5, "verb": "delete the item", "target_ct": 7, "target_id": 41, "created_time": "2020-11-28T21:33:41.303Z"}}, {"model": "actions.action", "pk": 4, "fields": {"user": 5, "verb": "edit the item", "target_ct": 7, "target_id": 35, "created_time": "2020-11-28T21:35:10.322Z"}}, {"model": "actions.action", "pk": 5, "fields": {"user": 5, "verb": "add comment to the item", "target_ct": 7, "target_id": 35, "created_time": "2020-11-28T21:45:37.025Z"}}, {"model": "actions.action", "pk": 6, "fields": {"user": 5, "verb": "add a comment to the item", "target_ct": 7, "target_id": 36, "created_time": "2020-11-28T21:46:12.572Z"}}, {"model": "actions.action", "pk": 7, "fields": {"user": 10, "verb": "add a comment to the item", "target_ct": 7, "target_id": 35, "created_time": "2020-11-30T04:45:04.731Z"}}, {"model": "actions.action", "pk": 8, "fields": {"user": 10, "verb": "add a comment to the item", "target_ct": 7, "target_id": 35, "created_time": "2020-11-30T04:46:27.131Z"}}, {"model": "actions.action", "pk": 9, "fields": {"user": 10, "verb": "add a comment to the item", "target_ct": 7, "target_id": 35, "created_time": "2020-11-30T05:00:29.719Z"}}, {"model": "actions.action", "pk": 10, "fields": {"user": 10, "verb": "add a comment to the item", "target_ct": 7, "target_id": 35, "created_time": "2020-11-30T05:01:10.212Z"}}, {"model": "actions.action", "pk": 11, "fields": {"user": 9, "verb": "add a comment to the item", "target_ct": 7, "target_id": 35, "created_time": "2020-11-30T20:27:10.585Z"}}, {"model": "actions.action", "pk": 12, "fields": {"user": 7, "verb": "add a comment to the item", "target_ct": 7, "target_id": 35, "created_time": "2020-11-30T20:39:07.852Z"}}, {"model": "actions.action", "pk": 13, "fields": {"user": 7, "verb": "add a comment to the item", "target_ct": 7, "target_id": 35, "created_time": "2020-11-30T21:32:42.741Z"}}, {"model": "actions.action", "pk": 14, "fields": {"user": 5, "verb": "add a comment to the item", "target_ct": 7, "target_id": 38, "created_time": "2020-11-30T21:39:50.786Z"}}, {"model": "actions.action", "pk": 15, "fields": {"user": 5, "verb": "add a comment to the item", "target_ct": 7, "target_id": 38, "created_time": "2020-11-30T21:40:54.921Z"}}, {"model": "actions.action", "pk": 16, "fields": {"user": 7, "verb": "add a comment to the item", "target_ct": 7, "target_id": 35, "created_time": "2020-11-30T21:41:15.524Z"}}, {"model": "actions.action", "pk": 17, "fields": {"user": 5, "verb": "create the item", "target_ct": 7, "target_id": 42, "created_time": "2020-11-30T21:44:20.367Z"}}, {"model": "actions.action", "pk": 18, "fields": {"user": 5, "verb": "edit the profile", "target_ct": 4, "target_id": 5, "created_time": "2020-12-01T16:49:20.973Z"}}, {"model": "actions.action", "pk": 19, "fields": {"user": 11, "verb": "add a comment to the item", "target_ct": 7, "target_id": 35, "created_time": "2020-12-01T20:13:50.408Z"}}, {"model": "actions.action", "pk": 20, "fields": {"user": 11, "verb": "add a comment to the item", "target_ct": 7, "target_id": 35, "created_time": "2020-12-01T20:17:10.634Z"}}, {"model": "actions.action", "pk": 21, "fields": {"user": 11, "verb": "add a comment to the item", "target_ct": 7, "target_id": 35, "created_time": "2020-12-01T20:47:37.228Z"}}, {"model": "actions.action", "pk": 22, "fields": {"user": 11, "verb": "add a comment to the item", "target_ct": 7, "target_id": 35, "created_time": "2020-12-01T20:52:27.792Z"}}, {"model": "actions.action", "pk": 23, "fields": {"user": 11, "verb": "add a comment to the item", "target_ct": 7, "target_id": 35, "created_time": "2020-12-01T20:53:44.109Z"}}, {"model": "actions.action", "pk": 24, "fields": {"user": 11, "verb": "add a comment to the item", "target_ct": 7, "target_id": 35, "created_time": "2020-12-01T20:54:24.952Z"}}, {"model": "actions.action", "pk": 25, "fields": {"user": 11, "verb": "add a comment to the item", "target_ct": 7, "target_id": 35, "created_time": "2020-12-01T20:56:17.371Z"}}, {"model": "actions.action", "pk": 26, "fields": {"user": 11, "verb": "add a comment to the item", "target_ct": 7, "target_id": 35, "created_time": "2020-12-01T20:57:03.689Z"}}, {"model": "actions.action", "pk": 27, "fields": {"user": 11, "verb": "add a comment to the item", "target_ct": 7, "target_id": 35, "created_time": "2020-12-01T20:58:28.441Z"}}, {"model": "actions.action", "pk": 28, "fields": {"user": 11, "verb": "add a comment to the item", "target_ct": 7, "target_id": 35, "created_time": "2020-12-01T21:00:09.334Z"}}, {"model": "actions.action", "pk": 29, "fields": {"user": 11, "verb": "add a comment to the item", "target_ct": 7, "target_id": 35, "created_time": "2020-12-02T05:00:41.301Z"}}, {"model": "actions.action", "pk": 30, "fields": {"user": 11, "verb": "add a comment to the item", "target_ct": 7, "target_id": 35, "created_time": "2020-12-02T05:10:58.424Z"}}, {"model": "actions.action", "pk": 31, "fields": {"user": 11, "verb": "add a comment to the item", "target_ct": 7, "target_id": 35, "created_time": "2020-12-02T05:11:16.719Z"}}, {"model": "comments.comment", "pk": 1, "fields": {"user": 7, "comment": "nice!", "username": "test5", "created_time": "2020-11-30T04:42:50.031Z"}}, {"model": "comments.comment", "pk": 2, "fields": {"user": 7, "comment": "very nice", "username": "test5", "created_time": "2020-11-30T04:45:04.725Z"}}, {"model": "comments.comment", "pk": 3, "fields": {"user": 7, "comment": "nice product", "username": "test5", "created_time": "2020-11-30T04:46:27.128Z"}}, {"model": "comments.comment", "pk": 4, "fields": {"user": 7, "comment": "nice hoodie", "username": "test5", "created_time": "2020-11-30T05:00:29.713Z"}}, {"model": "comments.comment", "pk": 5, "fields": {"user": 7, "comment": "like it", "username": "test5", "created_time": "2020-11-30T05:01:10.209Z"}}, {"model": "comments.comment", "pk": 6, "fields": {"user": 7, "comment": "hi", "username": "test4", "created_time": "2020-11-30T20:27:10.558Z"}}, {"model": "comments.comment", "pk": 7, "fields": {"user": 7, "comment": "good!", "username": "test1", "created_time": "2020-11-30T20:39:07.846Z"}}, {"model": "comments.comment", "pk": 8, "fields": {"user": 7, "comment": "great!", "username": "test1", "created_time": "2020-11-30T21:32:42.728Z"}}, {"model": "comments.comment", "pk": 10, "fields": {"user": 5, "comment": "good", "username": "test1", "created_time": "2020-11-30T21:40:54.919Z"}}, {"model": "comments.comment", "pk": 11, "fields": {"user": 7, "comment": "good", "username": "test1", "created_time": "2020-11-30T21:41:15.522Z"}}, {"model": "comments.comment", "pk": 24, "fields": {"user": 7, "comment": "good", "username": "test7", "created_time": "2020-12-02T05:11:16.716Z"}}]